1,Ophelia,Wavell,owavell0,1111101
2,Kippar,Rathmell,krathmell1,1111011
3,Marvin,Brasener,mbrasener2,1111101
4,Norean,Carslake,ncarslake3,0111111
5,Christian,Woofendell,cwoofendell4,1111101
6,Cobbie,Goodsir,cgoodsir5,1110111
7,Philipa,Jefferies,pjefferies6,1101111
8,Rosamund,Monument,rmonument7,1110111
9,Marga,Luesley,mluesley8,1111011
10,Marylinda,Slowgrove,mslowgrove9,1101111
11,Tammy,Inge,tingea,1111110
12,Ardyth,Tate,atateb,1101111
13,Tilly,McAtamney,tmcatamneyc,1011111
14,May,Shatliffe,mshatliffed,1111110
15,Morna,Henrique,mhenriquee,0111111
16,Harold,Fitzpatrick,hfitzpatrickf,0111111
17,Dee dee,Jakubovits,djakubovitsg,1011111
18,Vannie,McIlheran,vmcilheranh,1111110
19,Syd,Bear,sbeari,1011111
20,Fulvia,Aymer,faymerj,1111011
21,Cameron,Ridgwell,cridgwellk,1101111
22,Burl,Callis,bcallisl,1011111
23,Zita,Jeppe,zjeppem,0111111
24,Melony,Stalman,mstalmann,1110111
25,Mae,McGruar,mmcgruaro,1111011
26,Karrah,Rhymes,krhymesp,1101111
27,Dorree,Hoggin,dhogginq,1101111
28,Alexandro,Northey,anortheyr,1111101
29,Faunie,Tuson,ftusons,1111110
30,Lonna,Lambourn,llambournt,1111011
31,Nikki,Bernardo,nbernardou,1101111
32,Wallie,Morten,wmortenv,1111011
33,Elmore,Minister,eministerw,1101111
34,Burtie,Seppey,bseppeyx,1110111
35,Matthiew,Meron,mmerony,0111111
36,Werner,Andrys,wandrysz,0111111
37,Hermann,MacGinlay,hmacginlay10,1111101
38,Dorri,Trappe,dtrappe11,1011111
39,Augy,Pitrollo,apitrollo12,1111110
40,Mirabelle,Yaakov,myaakov13,1110111
41,Phil,Bonnick,pbonnick14,1111101
42,Honey,Kemet,hkemet15,1101111
43,Rem,Lowey,rlowey16,1101111
44,Emelyne,Simcox,esimcox17,1110111
45,Dana,Whybrow,dwhybrow18,1110111
46,Wendi,Spinnace,wspinnace19,1101111
47,Shelley,Rospars,srospars1a,0111111
48,Raynard,Wardrop,rwardrop1b,1101111
49,Robert,Gallico,rgallico1c,1011111
50,Niven,Headech,nheadech1d,1111110
51,Royce,Reedick,rreedick1e,1111110
52,Winslow,Haldon,whaldon1f,1111110
53,Monique,Shillam,mshillam1g,1111110
54,Westbrooke,Cobbald,wcobbald1h,1111101
55,Clarissa,Waterstone,cwaterstone1i,1111101
56,Fielding,Petrie,fpetrie1j,1110111
57,Joli,Dessant,jdessant1k,1110111
58,Clayton,Bragger,cbragger1l,1111101
59,Johannah,Gumbley,jgumbley1m,0111111
60,Rebe,Monkman,rmonkman1n,1111101
61,Milt,Duesberry,mduesberry1o,1111110
62,Patty,Sapsford,psapsford1p,1111110
63,Dulcine,By,dby1q,1111101
64,Lizzie,Feighry,lfeighry1r,1111011
65,Jeffrey,Bearward,jbearward1s,1101111
66,Claudie,Habbert,chabbert1t,1111101
67,Merv,Newcome,mnewcome1u,1111110
68,Tom,Broomfield,tbroomfield1v,1111011
69,Isador,Gowdy,igowdy1w,1111101
70,Jard,Quenell,jquenell1x,1101111
71,Jenny,Teaser,jteaser1y,1101111
72,Aloysia,Challiner,achalliner1z,0111111
73,Viv,Korpolak,vkorpolak20,0111111
74,Rozella,Kluger,rkluger21,1110111
75,Bailie,Leadbeater,bleadbeater22,1101111
76,Alleyn,Jakubski,ajakubski23,1011111
77,Aubrette,Laven,alaven24,0111111
78,Karrah,Botterman,kbotterman25,1110111
79,Clarice,Hanks,chanks26,1111011
80,Carline,Dixon,cdixon27,1111110
81,Quintilla,Brealey,qbrealey28,1101111
82,Wanids,Gilvary,wgilvary29,1101111
83,Corbet,Lynd,clynd2a,1110111
84,Zita,Padgett,zpadgett2b,1011111
85,Inesita,Vasnetsov,ivasnetsov2c,1111101
86,Florance,Purnell,fpurnell2d,1110111
87,Valerye,Foulkes,vfoulkes2e,1111101
88,Birgit,Selborne,bselborne2f,1011111
89,Valera,Le Maitre,vlemaitre2g,1111110
90,Odessa,Castaneda,ocastaneda2h,1111011
91,Raffaello,Alwell,ralwell2i,1111101
92,Orella,Schiefersten,oschiefersten2j,1111101
93,Essa,Birtchnell,ebirtchnell2k,1111101
94,Eli,Hindrick,ehindrick2l,1111011
95,Kennie,Waything,kwaything2m,0111111
96,Caroline,Foxton,cfoxton2n,1111110
97,Artur,Bootman,abootman2o,1111101
98,Jaquenetta,Parnham,jparnham2p,0111111
99,Jaymee,Grigorescu,jgrigorescu2q,1111110
100,Kyla,Jacobs,kjacobs2r,1011111
101,Leisha,Brisset,lbrisset2s,1111110
102,Rab,Beautyman,rbeautyman2t,0111111
103,Marlee,Luparto,mluparto2u,1011111
104,Benita,Shipley,bshipley2v,1111110
105,Jake,Corn,jcorn2w,0111111
106,Elia,Darque,edarque2x,1111101
107,Ada,Wedmore,awedmore2y,1011111
108,Haroun,Rattenbury,hrattenbury2z,1110111
109,Rossie,Starbuck,rstarbuck30,1111110
110,Gertrudis,Crisell,gcrisell31,1011111
111,Ivar,Worman,iworman32,1011111
112,Roseann,Willoughby,rwilloughby33,1111011
113,Hobie,Gillbee,hgillbee34,1110111
114,Theresita,Tredger,ttredger35,1110111
115,Nichols,Stapley,nstapley36,1110111
116,Johnny,Igoe,jigoe37,1110111
117,Robinetta,Degoix,rdegoix38,1111110
118,Roby,Meachem,rmeachem39,0111111
119,Clo,Walczynski,cwalczynski3a,1101111
120,Kamillah,Joss,kjoss3b,1111110
121,Barbette,Scrowston,bscrowston3c,1110111
122,Herta,Biaggioni,hbiaggioni3d,1011111
123,Averil,Edden,aedden3e,0111111
124,Giff,Pembry,gpembry3f,1101111
125,Brittani,Deevey,bdeevey3g,1110111
126,Finley,Kennagh,fkennagh3h,1111110
127,Alistair,Leades,aleades3i,1110111
128,Derron,Brolan,dbrolan3j,1111011
129,Gretal,Brahan,gbrahan3k,1111110
130,Willette,Chambers,wchambers3l,1111011
131,Constanta,McTeer,cmcteer3m,1111011
132,Alisander,Oglesbee,aoglesbee3n,1111110
133,Abeu,Caddock,acaddock3o,1101111
134,Ursola,Lawley,ulawley3p,1110111
135,Leanna,Paulin,lpaulin3q,1110111
136,Karrah,Pendlebury,kpendlebury3r,1111110
137,Sheila-kathryn,Ashley,sashley3s,1011111
138,Mellie,Sabben,msabben3t,1111110
139,Rubi,Crosser,rcrosser3u,1111110
140,Adrienne,Tremaine,atremaine3v,1111011
141,Gearalt,Matthius,gmatthius3w,1110111
142,Tamra,Edeler,tedeler3x,1111101
143,Giulio,Cosh,gcosh3y,1111110
144,Malissa,Ionesco,mionesco3z,1101111
145,Birgit,Dowers,bdowers40,1101111
146,Thornton,Jerrome,tjerrome41,0111111
147,Conant,Domanski,cdomanski42,1101111
148,Carena,Notman,cnotman43,1111011
149,Jaynell,Littleover,jlittleover44,1111011
150,Puff,Lemoir,plemoir45,1111101
151,Arv,Brownett,abrownett46,1111011
152,Annaliese,Prinn,aprinn47,1110111
153,Corrina,Mottini,cmottini48,1111011
154,Emily,Favell,efavell49,1111011
155,Constantino,Hallibone,challibone4a,0111111
156,Stavro,Hanratty,shanratty4b,1110111
157,Nikita,Grevel,ngrevel4c,1111101
158,Nichol,Jarmyn,njarmyn4d,1111110
159,Emerson,Gouck,egouck4e,1111110
160,Katherine,Bevar,kbevar4f,1111101
161,Ericka,McRitchie,emcritchie4g,1110111
162,Sawyere,Topley,stopley4h,1101111
163,Smitty,Petrovic,spetrovic4i,1111101
164,Thadeus,Borth,tborth4j,1111110
165,Ivar,Caldroni,icaldroni4k,1111011
166,Vanni,Stouther,vstouther4l,1111110
167,Francklin,Lavielle,flavielle4m,0111111
168,Kingston,Kesterton,kkesterton4n,0111111
169,Garrett,Dudson,gdudson4o,1011111
170,Maridel,O'Doghesty,modoghesty4p,1110111
171,Trevar,Spadaro,tspadaro4q,1011111
172,Cyndy,Minard,cminard4r,1011111
173,Pepito,Logue,plogue4s,1101111
174,Joletta,Armes,jarmes4t,1011111
175,Sunny,Abadam,sabadam4u,1111110
176,Maude,Balstone,mbalstone4v,1111110
177,Alvin,Linforth,alinforth4w,0111111
178,Perl,Klemt,pklemt4x,1111011
179,Willow,Schowenburg,wschowenburg4y,1111110
180,Cedric,Bollom,cbollom4z,0111111
181,Hedvige,Alesio,halesio50,1011111
182,Stormi,Jacox,sjacox51,1011111
183,Adena,Kuzma,akuzma52,1111110
184,Sebastiano,Godley,sgodley53,1101111
185,Philbert,Van den Hof,pvandenhof54,1011111
186,Davita,Watsham,dwatsham55,1111110
187,Luther,Fydoe,lfydoe56,1111011
188,Dewitt,Maidlow,dmaidlow57,1110111
189,Benedetto,Averay,baveray58,1111110
190,Hermina,Widd,hwidd59,1101111
191,Giordano,Van Baaren,gvanbaaren5a,1111011
192,Celle,Snedden,csnedden5b,1111101
193,Jon,Palin,jpalin5c,1011111
194,Charlotta,Tetsall,ctetsall5d,1101111
195,Richie,Flagg,rflagg5e,1101111
196,Ardelia,Annwyl,aannwyl5f,1011111
197,Lucretia,Blanchard,lblanchard5g,1111110
198,Margo,Risen,mrisen5h,1111101
199,Simon,Fattorini,sfattorini5i,1110111
200,Katrina,McSkeagan,kmcskeagan5j,1111101
201,Staffard,Murfin,smurfin5k,1111011
202,Guthrie,Megson,gmegson5l,1011111
203,Antone,Allso,aallso5m,1111011
204,Vivien,Haukey,vhaukey5n,1111101
205,Alexei,Robken,arobken5o,1101111
206,Sharyl,Althrop,salthrop5p,1111110
207,Jasper,Hemstead,jhemstead5q,1011111
208,Wallas,Hafford,whafford5r,1110111
209,Ashby,Murphy,amurphy5s,1111101
210,Kellia,Drackford,kdrackford5t,1111011
211,Morry,Hue,mhue5u,1111110
212,Gerrie,Yitzovitz,gyitzovitz5v,0111111
213,Denni,Archbold,darchbold5w,1111110
214,Paloma,Nalder,pnalder5x,1111101
215,Gaven,Jeeks,gjeeks5y,1011111
216,Bryan,Temple,btemple5z,0111111
217,Kip,Conahy,kconahy60,0111111
218,Evered,Lindell,elindell61,1011111
219,Martica,Kippen,mkippen62,1111011
220,Armand,Treasure,atreasure63,1011111
221,Aprilette,Forgie,aforgie64,1111110
222,Trueman,Waith,twaith65,1011111
223,Koo,Towler,ktowler66,1111011
224,Samson,Grand,sgrand67,1110111
225,Romona,Levick,rlevick68,1011111
226,Hannah,Dinneen,hdinneen69,1111011
227,Cybil,Halford,chalford6a,1101111
228,Eugenie,Landal,elandal6b,1101111
229,Averyl,Jacobsz,ajacobsz6c,1110111
230,Nappy,Tevlin,ntevlin6d,1111110
231,Valeria,Dable,vdable6e,1111110
232,Karim,Cavell,kcavell6f,1101111
233,Kaylee,Ghelerdini,kghelerdini6g,1110111
234,Wenda,Kennefick,wkennefick6h,0111111
235,Ofelia,MacSween,omacsween6i,1110111
236,Dorris,Wathall,dwathall6j,1101111
237,Brent,Pedrocco,bpedrocco6k,1111011
238,Denver,Cassie,dcassie6l,1101111
239,Chad,Reggler,creggler6m,1111110
240,Derby,Enrietto,denrietto6n,1110111
241,Hank,Cownden,hcownden6o,1111101
242,Zaria,Pinniger,zpinniger6p,1110111
243,Ephrem,Albasiny,ealbasiny6q,1111011
244,Gennifer,Coull,gcoull6r,0111111
245,Arnaldo,Playfair,aplayfair6s,0111111
246,Nickey,Haster,nhaster6t,1011111
247,Van,Purtell,vpurtell6u,1101111
248,Truman,Frye,tfrye6v,1101111
249,Blanche,Maughan,bmaughan6w,1111110
250,Lizbeth,Paviour,lpaviour6x,1111110
251,Liesa,Lorking,llorking6y,1101111
252,Inesita,Dunsmore,idunsmore6z,1101111
253,Karoline,Halksworth,khalksworth70,1011111
254,Windy,Giacopini,wgiacopini71,1110111
255,Concordia,Wabersinke,cwabersinke72,0111111
256,Dud,Yellop,dyellop73,1111011
257,Corie,Shilton,cshilton74,1111101
258,Gallagher,Cullity,gcullity75,1101111
259,Tersina,Skrzynski,tskrzynski76,0111111
260,Bentlee,Grumbridge,bgrumbridge77,0111111
261,Lelia,Tunsley,ltunsley78,1111110
262,Laird,Strasse,lstrasse79,0111111
263,Antons,Jolland,ajolland7a,1011111
264,Roobbie,Elves,relves7b,1110111
265,Manuel,Amiable,mamiable7c,1111110
266,Florentia,Fuchs,ffuchs7d,1111110
267,Doria,Ennew,dennew7e,1111011
268,Aubrie,Sylvester,asylvester7f,1011111
269,Emlynne,Giacopello,egiacopello7g,1101111
270,Jacqui,Parkinson,jparkinson7h,1111011
271,Hettie,Bartolomivis,hbartolomivis7i,1110111
272,Byrle,Shemilt,bshemilt7j,1011111
273,Chastity,Moxson,cmoxson7k,0111111
274,Nedi,Eton,neton7l,1111110
275,Bobbe,Barhems,bbarhems7m,1101111
276,Johanna,Jannex,jjannex7n,1111011
277,Dunn,Wingeat,dwingeat7o,1110111
278,Ernestine,Ozelton,eozelton7p,1111011
279,Blaine,Westmoreland,bwestmoreland7q,1011111
280,Hyman,Worsfield,hworsfield7r,1111101
281,Seamus,Frankcombe,sfrankcombe7s,1101111
282,Temple,Perrigo,tperrigo7t,1011111
283,Vivia,Briddle,vbriddle7u,0111111
284,Isacco,Whale,iwhale7v,1110111
285,Christophorus,Wycherley,cwycherley7w,1110111
286,Loralee,Roblett,lroblett7x,1111101
287,Anneliese,Masters,amasters7y,1111101
288,Tam,Enevoldsen,tenevoldsen7z,1111011
289,Salvatore,Rowston,srowston80,0111111
290,Rora,Hennemann,rhennemann81,1111110
291,Godwin,Robatham,grobatham82,1101111
292,Wright,Hallgarth,whallgarth83,1101111
293,Roscoe,Hoggan,rhoggan84,1111011
294,Ami,Marin,amarin85,1101111
295,Allix,Sutherington,asutherington86,0111111
296,Jacques,Kauffman,jkauffman87,1111110
297,Jerrine,Mowson,jmowson88,1110111
298,Ev,Prentice,eprentice89,1111101
299,Anna-maria,Wolfendell,awolfendell8a,0111111
300,Davina,Gidney,dgidney8b,0111111
301,Alma,O'Daly,aodaly8c,0111111
302,Celina,Lukovic,clukovic8d,1111101
303,Sascha,Mustoo,smustoo8e,1111011
304,Stevy,Gillaspy,sgillaspy8f,1101111
305,Conni,Zima,czima8g,0111111
306,Francesco,McQuin,fmcquin8h,1011111
307,Livvyy,Gaunt,lgaunt8i,1110111
308,Thoma,Plewes,tplewes8j,1101111
309,Fanchon,Traise,ftraise8k,1011111
310,Filippa,Giddings,fgiddings8l,1101111
311,Nicolas,Piddington,npiddington8m,1011111
312,Frayda,Feechan,ffeechan8n,1111011
313,Sonia,O'Keaveny,sokeaveny8o,1111110
314,Corbin,Hartwell,chartwell8p,1011111
315,Maurits,Marie,mmarie8q,1111110
316,Kathi,Srutton,ksrutton8r,1011111
317,Moise,Janssens,mjanssens8s,1111011
318,Mickie,Duckinfield,mduckinfield8t,1101111
319,Chrisse,Sutherden,csutherden8u,1111011
320,Glen,Setchell,gsetchell8v,1110111
321,Sollie,Baline,sbaline8w,1111101
322,Hoyt,Belliss,hbelliss8x,1111110
323,Alvie,Macon,amacon8y,1011111
324,Gillie,Barles,gbarles8z,1110111
325,Melvyn,Rosoman,mrosoman90,1011111
326,Elisha,De Bruyne,edebruyne91,0111111
327,Dyanne,Hawtrey,dhawtrey92,1111011
328,Toinette,Castangia,tcastangia93,1111110
329,Roselle,Dalziel,rdalziel94,1110111
330,Gordan,Kemp,gkemp95,1110111
331,Kalila,Scrivens,kscrivens96,1101111
332,Nesta,Millsap,nmillsap97,1111110
333,Sargent,Allchin,sallchin98,0111111
334,Philly,Middiff,pmiddiff99,1111101
335,Dud,Gulberg,dgulberg9a,1101111
336,Winifield,Grzegorek,wgrzegorek9b,1011111
337,Fulvia,Ducker,fducker9c,1110111
338,Deny,Fruchter,dfruchter9d,1111110
339,Renell,Iggo,riggo9e,0111111
340,Alon,Sellstrom,asellstrom9f,1111110
341,Waneta,Veld,wveld9g,1111011
342,Nariko,Swinford,nswinford9h,0111111
343,Jaquelyn,Kunat,jkunat9i,1111011
344,Si,Mandrier,smandrier9j,1111110
345,Juliette,Spoerl,jspoerl9k,1110111
346,Tiebout,Matissoff,tmatissoff9l,1111011
347,Kelsi,Kitching,kkitching9m,1111011
348,Abbe,Miles,amiles9n,1111101
349,Waverley,Clouter,wclouter9o,0111111
350,Spencer,Purple,spurple9p,1111110
351,Darya,Oggers,doggers9q,1011111
352,Janeva,Allix,jallix9r,1111110
353,Hernando,Pikhno,hpikhno9s,1111101
354,Noreen,Darko,ndarko9t,1110111
355,Sonny,Kisar,skisar9u,1111110
356,Dorita,Teager,dteager9v,0111111
357,Patsy,Sollars,psollars9w,1101111
358,Griffie,Shakesbye,gshakesbye9x,1111011
359,Josselyn,Strathern,jstrathern9y,1110111
360,Jamil,Hanfrey,jhanfrey9z,0111111
361,Catlaina,Breache,cbreachea0,1111110
362,Amanda,Hedden,aheddena1,0111111
363,Aleen,Bishell,abishella2,1101111
364,Lorrin,Camoys,lcamoysa3,1111011
365,Jodie,Quinsee,jquinseea4,1111101
366,Janie,Gatus,jgatusa5,1110111
367,Faustina,Ullock,fullocka6,1110111
368,Vanni,MacCague,vmaccaguea7,1111011
369,Dalila,Annets,dannetsa8,1011111
370,Annemarie,Gajownik,agajownika9,1110111
371,Tremain,McKinie,tmckinieaa,1011111
372,Free,Goodenough,fgoodenoughab,1101111
373,Bird,West-Frimley,bwestfrimleyac,1111101
374,Rheta,Langthorne,rlangthornead,1110111
375,Cherlyn,Membry,cmembryae,0111111
376,Arabel,MacGinney,amacginneyaf,1101111
377,Jaquelyn,Tournay,jtournayag,1111110
378,Artair,Silkstone,asilkstoneah,1101111
379,Malia,Wavell,mwavellai,1111011
380,Karlens,Stearn,kstearnaj,1111110
381,Casi,Cabral,ccabralak,1111011
382,Melva,Spilisy,mspilisyal,1111101
383,Charley,Woakes,cwoakesam,1111101
384,Loren,McKeran,lmckeranan,1111101
385,Clare,McDougle,cmcdougleao,1111011
386,Rina,Fearey,rfeareyap,1111110
387,Jacky,Lawie,jlawieaq,0111111
388,Herman,Wilde,hwildear,1111101
389,Berty,Inmett,binmettas,1111011
390,Dun,Backhouse,dbackhouseat,0111111
391,Reade,Hartford,rhartfordau,1111011
392,Malvin,Killingsworth,mkillingsworthav,0111111
393,Lee,Paolucci,lpaolucciaw,0111111
394,Timi,MacAirt,tmacairtax,1110111
395,Winfred,Suff,wsuffay,1111101
396,Archambault,Lowther,alowtheraz,1111011
397,Allayne,Farndell,afarndellb0,1011111
398,Hayden,Pulley,hpulleyb1,1111101
399,Sharyl,Bangiard,sbangiardb2,1011111
400,Garey,Showering,gshoweringb3,1111011
401,Ryon,McMonnies,rmcmonniesb4,1110111
402,Darlene,Tumelty,dtumeltyb5,1101111
403,Farlay,Ormshaw,formshawb6,1011111
404,Katheryn,Harpin,kharpinb7,1110111
405,Phillie,Moizer,pmoizerb8,1011111
406,Humberto,Parkhouse,hparkhouseb9,0111111
407,Fay,Harnwell,fharnwellba,1111101
408,Allyn,Corfield,acorfieldbb,1101111
409,Carlita,Jozef,cjozefbc,1111110
410,Raimundo,Fabri,rfabribd,1101111
411,Jere,Ellyatt,jellyattbe,1110111
412,Berenice,O'Giany,bogianybf,1111110
413,Kalina,Dowty,kdowtybg,1111011
414,Nomi,Benettini,nbenettinibh,1011111
415,Korrie,Berecloth,kbereclothbi,1110111
416,Selena,Obee,sobeebj,1011111
417,Miner,Saffran,msaffranbk,1111101
418,Bevon,Reyes,breyesbl,1111110
419,Pearline,Tollfree,ptollfreebm,1111110
420,Georgi,Tick,gtickbn,1111101
421,Hestia,Beeston,hbeestonbo,0111111
422,Dosi,Branca,dbrancabp,1111011
423,Pablo,Grisewood,pgrisewoodbq,1111011
424,Fitzgerald,Ashforth,fashforthbr,1101111
425,Aeriela,Haxby,ahaxbybs,1011111
426,Cristin,Finessy,cfinessybt,1101111
427,Consuela,Stonner,cstonnerbu,1011111
428,Noam,Rickards,nrickardsbv,1101111
429,Kris,Mattson,kmattsonbw,1110111
430,Cassi,Kemmer,ckemmerbx,1111011
431,Vikki,Baudin,vbaudinby,1111011
432,Nataline,Toward,ntowardbz,1101111
433,Rob,Turrell,rturrellc0,1101111
434,Wallis,Cox,wcoxc1,1111101
435,Frank,Froggatt,ffroggattc2,1011111
436,Marji,Bauman,mbaumanc3,1111110
437,Hamilton,Revan,hrevanc4,0111111
438,Richard,Luisetti,rluisettic5,1111101
439,Tamas,Couvet,tcouvetc6,0111111
440,Harper,Slavin,hslavinc7,1110111
441,Ashla,Hedan,ahedanc8,1111011
442,Christy,Beumant,cbeumantc9,1111011
443,Moira,Scrivenor,mscrivenorca,1111110
444,Cort,Poulsum,cpoulsumcb,1111110
445,Elvin,Albiston,ealbistoncc,1111011
446,Charmian,Lewing,clewingcd,1101111
447,Edvard,Pinnick,epinnickce,1011111
448,Natala,Satterthwaite,nsatterthwaitecf,1101111
449,Xenia,Glyne,xglynecg,1110111
450,Kerrin,Braime,kbraimech,1101111
451,Claudianus,Kaasmann,ckaasmannci,1111110
452,Ammamaria,O'Kennedy,aokennedycj,1011111
453,Wilburt,MacClinton,wmacclintonck,1110111
454,Lowrance,Whinray,lwhinraycl,1110111
455,Gayel,Gamett,ggamettcm,1111011
456,Larina,Clausen-Thue,lclausenthuecn,1110111
457,Bab,Hubbis,bhubbisco,1101111
458,Barri,Carnock,bcarnockcp,0111111
459,Flora,Ullock,fullockcq,1111110
460,Gigi,MacDaid,gmacdaidcr,1111011
461,Arlin,Yelyashev,ayelyashevcs,1111011
462,Zackariah,Havik,zhavikct,1111011
463,Nickolaus,Willes,nwillescu,0111111
464,Rory,Denkel,rdenkelcv,1111101
465,Preston,Chasteney,pchasteneycw,1101111
466,Jasmin,O'Hartigan,johartigancx,1111110
467,Abagael,Killingworth,akillingworthcy,1011111
468,Cynthia,L' Anglois,clangloiscz,1111011
469,Lauryn,Willstrop,lwillstropd0,1111101
470,Hugues,Martinek,hmartinekd1,1111011
471,Cariotta,Hullyer,chullyerd2,1111110
472,Esra,Foyle,efoyled3,1111101
473,Wendell,Morritt,wmorrittd4,1011111
474,Arin,Waldock,awaldockd5,1101111
475,Ellis,Aries,eariesd6,1110111
476,Camel,Gecke,cgecked7,1011111
477,Garfield,Eldritt,geldrittd8,1111110
478,Mimi,Geeves,mgeevesd9,0111111
479,Kerri,Wearing,kwearingda,1111110
480,Lem,Angell,langelldb,1011111
481,Adelaida,Miskimmon,amiskimmondc,1111110
482,Bradan,Cutchie,bcutchiedd,1101111
483,Nikolas,Pasby,npasbyde,1011111
484,Ahmed,Cashmore,acashmoredf,0111111
485,Kippie,Jaqueme,kjaquemedg,1111101
486,Raleigh,Shillitoe,rshillitoedh,1111101
487,Neely,Gibbins,ngibbinsdi,1111011
488,Karin,Shewry,kshewrydj,0111111
489,Dolorita,Whitnall,dwhitnalldk,0111111
490,Arlena,Goodchild,agoodchilddl,1110111
491,Kort,Cullum,kcullumdm,1111101
492,Fancy,Ochterlony,fochterlonydn,1111101
493,Linnell,Harmant,lharmantdo,1110111
494,Barnaby,Swindles,bswindlesdp,0111111
495,Diane,Gearty,dgeartydq,1110111
496,Dodi,Aughton,daughtondr,1111011
497,Sarah,Drew-Clifton,sdrewcliftonds,1111110
498,Tove,Feragh,tferaghdt,1111110
499,Emera,Durek,edurekdu,0111111
500,Lisle,Liddle,lliddledv,0111111
501,Fraze,Swanborrow,fswanborrowdw,1101111
502,Raynell,Biaggioni,rbiaggionidx,1111110
503,Maison,Rentilll,mrentillldy,1111101
504,Bridie,Veck,bveckdz,0111111
505,Naomi,Dillaway,ndillawaye0,1111011
506,Uriel,Sollime,usollimee1,1111011
507,Gerianna,Keenan,gkeenane2,1101111
508,Neila,Bett,nbette3,1111110
509,Chrissie,Robez,crobeze4,1101111
510,Eustacia,Kane,ekanee5,1111011
511,Klemens,Keller,kkellere6,0111111
512,Whitney,Spenley,wspenleye7,0111111
513,Gwendolen,MacQueen,gmacqueene8,1101111
514,Lark,Amiranda,lamirandae9,1011111
515,Alyse,Player,aplayerea,0111111
516,Darda,Schnitter,dschnittereb,1111101
517,Janel,Lount,jlountec,0111111
518,Dorie,Cawsey,dcawseyed,1011111
519,Hall,Brockman,hbrockmanee,1101111
520,Stefanie,Patten,spattenef,1111110
521,Sheridan,Leighfield,sleighfieldeg,1111011
522,Milt,Rippin,mrippineh,1111101
523,Kelvin,Curnucke,kcurnuckeei,1111101
524,Gannie,Kielty,gkieltyej,1101111
525,Forester,Gledstane,fgledstaneek,1101111
526,York,Curson,ycursonel,1111101
527,Cally,Schubuser,cschubuserem,1011111
528,Melisent,Bengoechea,mbengoecheaen,1110111
529,Anne-corinne,Sedgman,asedgmaneo,1111110
530,Keelia,McCarroll,kmccarrollep,1111110
531,Marietta,Langtree,mlangtreeeq,1111110
532,Letta,Hillatt,lhillatter,1111110
533,Parrnell,Sture,psturees,0111111
534,Russell,Mansell,rmansellet,1111101
535,Moe,Henkmann,mhenkmanneu,1110111
536,Loella,Olenov,lolenovev,0111111
537,Bone,Reboulet,brebouletew,1101111
538,Tani,Chalkly,tchalklyex,1111011
539,Katha,MacCourt,kmaccourtey,0111111
540,Stu,Elcomb,selcombez,1111110
541,Christiana,Terran,cterranf0,1111011
542,Anna-maria,Brobeck,abrobeckf1,1111011
543,Elise,Wrinch,ewrinchf2,1111110
544,Katha,Bustard,kbustardf3,0111111
545,Britt,Calderwood,bcalderwoodf4,1011111
546,Earle,Delooze,edeloozef5,1111110
547,Nona,Schermick,nschermickf6,1101111
548,Elke,Jeannaud,ejeannaudf7,1110111
549,Gaylene,Weatherby,gweatherbyf8,1101111
550,Bunni,Crinkley,bcrinkleyf9,1111011
551,Pauly,Breitling,pbreitlingfa,1111011
552,Tailor,Jillins,tjillinsfb,1111011
553,Moselle,Perrinchief,mperrinchieffc,1011111
554,Basile,Dearle-Palser,bdearlepalserfd,0111111
555,Jakob,O'Hegertie,johegertiefe,0111111
556,Arly,Eschalotte,aeschalotteff,1111101
557,Lorne,Ahmad,lahmadfg,1011111
558,Steffane,Lalley,slalleyfh,1111110
559,Bel,Derricoat,bderricoatfi,1111110
560,Linus,Dykas,ldykasfj,1111011
561,Tadio,Doubrava,tdoubravafk,1101111
562,Mortimer,Gehrts,mgehrtsfl,1111101
563,Georgeta,Pawley,gpawleyfm,1111101
564,Aloysia,Quinsee,aquinseefn,1111011
565,Miof mela,Sollner,msollnerfo,1110111
566,Amelina,Keates,akeatesfp,1111011
567,Antoni,De Angelo,adeangelofq,1111011
568,Giorgio,Sproson,gsprosonfr,1101111
569,Amil,Rummins,arumminsfs,1111110
570,Tabby,Mollene,tmolleneft,1011111
571,Elsy,Pauleau,epauleaufu,1101111
572,Robinett,Galia,rgaliafv,1111110
573,Albertine,Liepmann,aliepmannfw,1011111
574,Sonny,Pracy,spracyfx,1110111
575,Ada,Moulsdale,amoulsdalefy,1101111
576,Karim,Barwack,kbarwackfz,1111011
577,Elissa,Posnette,eposnetteg0,1011111
578,Drucie,Muro,dmurog1,0111111
579,Winnifred,Izzatt,wizzattg2,1101111
580,Sherilyn,Origin,soriging3,1111101
581,Muffin,Arnaez,marnaezg4,1111101
582,Rudolfo,Metcalf,rmetcalfg5,1110111
583,Mead,Ciccone,mcicconeg6,1111011
584,Angelique,Baudou,abaudoug7,1101111
585,Kayley,Knatt,kknattg8,0111111
586,Kareem,Gheorghescu,kgheorghescug9,1110111
587,Allistir,Tregiddo,atregiddoga,1111101
588,Dominica,Garling,dgarlinggb,0111111
589,Ashley,Dives,adivesgc,1101111
590,Fredelia,Lindenboim,flindenboimgd,0111111
591,Rosalind,Manuello,rmanuelloge,1110111
592,Philippe,Shatford,pshatfordgf,1111110
593,Stephannie,Pinkard,spinkardgg,1011111
594,Ches,Castlake,ccastlakegh,1111110
595,Dode,O'Caherny,docahernygi,1111011
596,Merissa,Scarse,mscarsegj,1111101
597,Chrissy,Ramos,cramosgk,1111011
598,Merrick,Firebrace,mfirebracegl,1101111
599,Kalina,Street,kstreetgm,0111111
600,Ardyth,Goomes,agoomesgn,1101111
601,Nolan,Keating,nkeatinggo,1111011
602,Boote,Lipsett,blipsettgp,1111110
603,Claudette,Blabber,cblabbergq,1110111
604,Guillema,Dadson,gdadsongr,1110111
605,Tarrance,Mackstead,tmacksteadgs,1111110
606,Butch,Sywell,bsywellgt,1011111
607,Nestor,Crownshaw,ncrownshawgu,1101111
608,Theresita,Shillum,tshillumgv,1111011
609,Dar,Remirez,dremirezgw,1101111
610,Gustaf,Nicholes,gnicholesgx,1111101
611,Shina,Ugolini,sugolinigy,1111101
612,Huberto,Matelyunas,hmatelyunasgz,1111101
613,Gearalt,Trenbay,gtrenbayh0,1110111
614,Rolando,Kellough,rkelloughh1,1111101
615,Mindy,Chesley,mchesleyh2,0111111
616,Leelah,Dimelow,ldimelowh3,1011111
617,Alanah,Haruard,aharuardh4,1110111
618,Whittaker,Beane,wbeaneh5,1111110
619,Van,Frankiewicz,vfrankiewiczh6,1111110
620,Channa,Sivell,csivellh7,1101111
621,Robbin,Martinuzzi,rmartinuzzih8,0111111
622,Marita,Petrollo,mpetrolloh9,1111011
623,Velvet,Vicar,vvicarha,0111111
624,Anabelle,Livesey,aliveseyhb,1111110
625,Nerty,Wigelsworth,nwigelsworthhc,1111110
626,Terence,Stidever,tstideverhd,1111110
627,Aurelea,Botton,abottonhe,1111011
628,Farleigh,Greenside,fgreensidehf,1111101
629,Whit,Allsobrook,wallsobrookhg,1110111
630,Keane,Janecek,kjanecekhh,0111111
631,Gav,Blakemore,gblakemorehi,1110111
632,Cherri,MacGeffen,cmacgeffenhj,1111110
633,Diannne,Tilney,dtilneyhk,1111101
634,Dorthy,Janjic,djanjichl,1110111
635,James,Pryor,jpryorhm,1111101
636,Vinny,Nodin,vnodinhn,0111111
637,Tobe,Hambridge,thambridgeho,1101111
638,Bel,Gentiry,bgentiryhp,1101111
639,Mufi,Redd,mreddhq,1011111
640,Clemmy,Lumsden,clumsdenhr,1111101
641,Sheila-kathryn,Belliveau,sbelliveauhs,1111110
642,Charmane,Morhall,cmorhallht,1111101
643,Jemmie,Huffey,jhuffeyhu,1011111
644,Sheri,Benit,sbenithv,1110111
645,Alick,Meegan,ameeganhw,1101111
646,Levy,Bricknall,lbricknallhx,0111111
647,Nettle,Valintine,nvalintinehy,1110111
648,Gayle,Garfit,ggarfithz,1111011
649,Jobyna,Woolliams,jwoolliamsi0,1111011
650,Linea,Ledamun,lledamuni1,1011111
651,Reggis,Tuberfield,rtuberfieldi2,0111111
652,Hedwiga,Ellson,hellsoni3,1111110
653,Claudell,Dumbleton,cdumbletoni4,1011111
654,Lexine,Philippon,lphilipponi5,1111101
655,Leeann,Palphreyman,lpalphreymani6,1101111
656,Sherie,Luna,slunai7,1101111
657,Edmon,Checketts,echeckettsi8,1111110
658,Kyle,Dinjes,kdinjesi9,1101111
659,Archer,Harriagn,aharriagnia,1111101
660,Chrissy,Liddel,cliddelib,0111111
661,Puff,Ginman,pginmanic,1011111
662,Merci,Geleman,mgelemanid,1011111
663,Bord,Eglington,beglingtonie,1110111
664,Alejandrina,Christofol,achristofolif,1111011
665,Storm,Leavy,sleavyig,1111011
666,Dianne,Sambrook,dsambrookih,0111111
667,Katrinka,Baskeyfield,kbaskeyfieldii,1111110
668,Harvey,Levy,hlevyij,1101111
669,Albrecht,Reynold,areynoldik,1011111
670,Llywellyn,Benini,lbeniniil,1111101
671,Elvera,De Santos,edesantosim,1110111
672,Betsy,Domesday,bdomesdayin,1111101
673,Stinky,Bridger,sbridgerio,1111101
674,Arty,Patrone,apatroneip,1111101
675,Nichols,Wolstenholme,nwolstenholmeiq,0111111
676,Garreth,Bacon,gbaconir,1110111
677,Dael,Lissimore,dlissimoreis,1111011
678,Cornela,Barrett,cbarrettit,1111110
679,Orlan,Kasperski,okasperskiiu,1110111
680,Tamqrah,Wallbutton,twallbuttoniv,1011111
681,Reine,Newland,rnewlandiw,1110111
682,Greer,Shefton,gsheftonix,1111011
683,Lea,Petegrew,lpetegrewiy,1110111
684,Theodoric,Heindrich,theindrichiz,1101111
685,Pavel,Berard,pberardj0,1111011
686,Gabriellia,Caizley,gcaizleyj1,1110111
687,Carla,Steger,cstegerj2,1111110
688,Daryl,Lott,dlottj3,1111101
689,Thane,McCrow,tmccrowj4,0111111
690,Hamel,Dimmne,hdimmnej5,1110111
691,Elisabet,Belk,ebelkj6,1110111
692,Masha,Wonfar,mwonfarj7,1110111
693,Griz,Duggan,gdugganj8,1111110
694,Alfredo,Suffield,asuffieldj9,1111101
695,Oby,Gravenall,ogravenallja,1110111
696,Jewel,Papaccio,jpapacciojb,0111111
697,Dorie,Essame,dessamejc,1111101
698,Merrill,Bailiss,mbailissjd,1011111
699,Jameson,Slessor,jslessorje,1011111
700,Derrek,Unstead,dunsteadjf,1111110
701,Shelia,Ferrarotti,sferrarottijg,1111110
702,Marya,Baudacci,mbaudaccijh,1111101
703,Mac,Marians,mmariansji,1110111
704,Fedora,McMechan,fmcmechanjj,1110111
705,Orson,Bumfrey,obumfreyjk,0111111
706,Brocky,O'Brogane,bobroganejl,1101111
707,Thomasa,Iddenden,tiddendenjm,1101111
708,Justinian,Danick,jdanickjn,1110111
709,Gal,Foxon,gfoxonjo,1111110
710,Sisile,Key,skeyjp,1111101
711,Decca,Collister,dcollisterjq,0111111
712,Stanwood,Bittany,sbittanyjr,1111101
713,Leona,Lyptrit,llyptritjs,1111110
714,Aurore,Lillistone,alillistonejt,1011111
715,Valentina,Cesconi,vcesconiju,1111101
716,Brandise,Beechcraft,bbeechcraftjv,1101111
717,Wilow,McNevin,wmcnevinjw,1111011
718,Burtie,Ruppelin,bruppelinjx,1111110
719,Row,Armfield,rarmfieldjy,1111101
720,Johann,Loughren,jloughrenjz,1111110
721,Tadeo,Gifford,tgiffordk0,1110111
722,Brander,Maggill'Andreis,bmaggillandreisk1,0111111
723,Opal,Danielsohn,odanielsohnk2,1110111
724,Kessiah,Guinery,kguineryk3,1111011
725,Norbie,Korneichik,nkorneichikk4,1101111
726,Cleopatra,Harme,charmek5,1101111
727,Corissa,Speak,cspeakk6,1110111
728,Dani,Hakewell,dhakewellk7,0111111
729,Brnaba,Mahy,bmahyk8,1111101
730,Anselma,Hrinchenko,ahrinchenkok9,1101111
731,Virgie,Ruddock,vruddockka,1110111
732,Ashbey,Rowbury,arowburykb,1111110
733,Creigh,Moisey,cmoiseykc,1101111
734,Joeann,Shorten,jshortenkd,1011111
735,Ferdy,Camble,fcambleke,0111111
736,Adrienne,Brash,abrashkf,1111101
737,Aharon,Dehm,adehmkg,0111111
738,Barny,Muffen,bmuffenkh,1111110
739,Viva,Hoggins,vhogginski,0111111
740,Cortie,Langmaid,clangmaidkj,0111111
741,Didi,Doudney,ddoudneykk,1111101
742,Nels,Leathlay,nleathlaykl,1111011
743,Biron,O'Halloran,bohallorankm,1011111
744,Felice,Tutin,ftutinkn,0111111
745,Tarrah,Tetther,ttettherko,0111111
746,Ethelind,Bantham,ebanthamkp,1111110
747,Georgeta,Van Hove,gvanhovekq,1111110
748,Maddi,Johansson,mjohanssonkr,1111011
749,Elberta,Ledbury,eledburyks,1110111
750,Torin,Costanza,tcostanzakt,1011111
751,Lefty,Baford,lbafordku,0111111
752,Mikol,Downs,mdownskv,0111111
753,Marta,Colquit,mcolquitkw,1011111
754,Adriane,Titterington,atitteringtonkx,1111110
755,Valentia,Grumbridge,vgrumbridgeky,1110111
756,Lavena,Ribey,lribeykz,1111011
757,Kimbell,Drescher,kdrescherl0,1111011
758,Maribeth,Clewes,mclewesl1,1111011
759,Carmelle,Rodrigues,crodriguesl2,1011111
760,Dmitri,Mattimoe,dmattimoel3,1011111
761,Josee,Jendas,jjendasl4,1101111
762,Lauren,Buckberry,lbuckberryl5,0111111
763,Elaina,Marousek,emarousekl6,1111101
764,Cornela,Yukhnin,cyukhninl7,0111111
765,Norby,Cattrall,ncattralll8,1101111
766,Elysia,Knight,eknightl9,0111111
767,Elsworth,Varian,evarianla,1111101
768,Idalia,Quiddihy,iquiddihylb,0111111
769,Scotty,Houchen,shouchenlc,1111011
770,Silvanus,Halbord,shalbordld,0111111
771,Padgett,Gockeler,pgockelerle,1101111
772,Christalle,Losebie,closebielf,1011111
773,Bekki,Battle,bbattlelg,1011111
774,Marcie,Le Guin,mleguinlh,1111101
775,Madeline,Buxcy,mbuxcyli,1011111
776,Germain,Constantine,gconstantinelj,1111110
777,Katina,Keary,kkearylk,1110111
778,Jordana,Cregg,jcreggll,1111110
779,Sharyl,Paoli,spaolilm,1111011
780,Alexio,Bahl,abahlln,1011111
781,Camala,MacEvilly,cmacevillylo,1101111
782,Pier,Oliphand,poliphandlp,0111111
783,Perice,Gittings,pgittingslq,0111111
784,Madelena,Broschek,mbroscheklr,1011111
785,Kalvin,Ord,kordls,0111111
786,Celisse,Brew,cbrewlt,1101111
787,Anatol,Ennew,aennewlu,1111101
788,Leonore,Malpass,lmalpasslv,1110111
789,Brandise,Thorneley,bthorneleylw,0111111
790,Normand,Matlock,nmatlocklx,1101111
791,Ayn,Hembrow,ahembrowly,1111110
792,Wesley,Hollidge,whollidgelz,1011111
793,Craggie,Stockey,cstockeym0,1101111
794,Lorant,Durkin,ldurkinm1,1111110
795,Kizzee,Magor,kmagorm2,1011111
796,Rebecca,Worwood,rworwoodm3,1011111
797,Tarrance,Caramuscia,tcaramusciam4,1111101
798,Lonee,Burr,lburrm5,0111111
799,Brody,Hawley,bhawleym6,1110111
800,Donovan,Orrow,dorrowm7,1101111
801,Lita,Sidebotton,lsidebottonm8,0111111
802,Kristel,Santus,ksantusm9,1101111
803,Keely,Gebb,kgebbma,1111011
804,Maddalena,Pachta,mpachtamb,1111011
805,Haywood,Peche,hpechemc,0111111
806,Meggy,Jacobsohn,mjacobsohnmd,1101111
807,Geordie,Towndrow,gtowndrowme,0111111
808,Guthry,Dunsford,gdunsfordmf,1111110
809,Thorin,Vaneev,tvaneevmg,1011111
810,Bartel,Abbott,babbottmh,0111111
811,Reeta,de Copeman,rdecopemanmi,1110111
812,Phillie,Jaouen,pjaouenmj,1011111
813,Christophe,Yegorov,cyegorovmk,1111101
814,Egan,Guion,eguionml,1110111
815,Aila,Vaines,avainesmm,1011111
816,Darcie,Kilshall,dkilshallmn,1110111
817,Richy,Dumingo,rdumingomo,1111110
818,Camila,Sprackling,cspracklingmp,1111011
819,Lemuel,Emerson,lemersonmq,1011111
820,Glyn,Tommaseo,gtommaseomr,1101111
821,Helen,Clem,hclemms,1111110
822,Jessee,Duffyn,jduffynmt,1011111
823,Celinka,Clothier,cclothiermu,1110111
824,Maximilien,Tyhurst,mtyhurstmv,0111111
825,Sandye,Bourgaize,sbourgaizemw,1111011
826,Margalit,Jervoise,mjervoisemx,1101111
827,Shalne,Vanyashkin,svanyashkinmy,1111110
828,Rosalinda,Janda,rjandamz,1111110
829,Isacco,Milne,imilnen0,1111110
830,Shayna,Scarr,sscarrn1,1111011
831,Ewen,Pressnell,epressnelln2,0111111
832,Kaitlyn,Gaunson,kgaunsonn3,1110111
833,Reynard,Tomkins,rtomkinsn4,1111011
834,Alvira,Iley,aileyn5,1101111
835,Janette,Tue,jtuen6,1101111
836,Sara,Stoney,sstoneyn7,1111011
837,Jeddy,Vedntyev,jvedntyevn8,1101111
838,Wat,Bowskill,wbowskilln9,1110111
839,Ashlie,Reschke,areschkena,1111110
840,Carson,Feckey,cfeckeynb,1111110
841,Desdemona,Gribbon,dgribbonnc,0111111
842,Gray,Pettman,gpettmannd,1111110
843,Suzanna,Ilchenko,silchenkone,1101111
844,Locke,Giroldo,lgiroldonf,1111101
845,Alena,Betun,abetunng,1111101
846,Stormi,Levane,slevanenh,1101111
847,Herschel,Hegel,hhegelni,1110111
848,Maribeth,Darwin,mdarwinnj,1110111
849,Sioux,Shapero,sshaperonk,1110111
850,Sephira,Besant,sbesantnl,1011111
851,Kippie,Vidgeon,kvidgeonnm,1110111
852,Rozelle,Eixenberger,reixenbergernn,1011111
853,Culley,Tunnadine,ctunnadineno,1111110
854,Hatty,Littlefield,hlittlefieldnp,1011111
855,Casey,Aguilar,caguilarnq,1111011
856,Kinna,Vondrasek,kvondraseknr,1111101
857,Curry,Paz,cpazns,1111101
858,Petronille,Peat,ppeatnt,1011111
859,Robinson,Koubu,rkoubunu,1111110
860,Zondra,Shutt,zshuttnv,1111011
861,Sallyann,Avann,savannnw,0111111
862,Melisenda,Beevor,mbeevornx,1111110
863,Lanny,Sprulls,lsprullsny,0111111
864,Montague,O'Neal,monealnz,1110111
865,Cassie,Sultana,csultanao0,1110111
866,Tiena,Beadell,tbeadello1,1111011
867,Justen,Vasnetsov,jvasnetsovo2,1111101
868,Adrianne,Noone,anooneo3,1110111
869,Gearalt,Shaw,gshawo4,0111111
870,Mady,Sanney,msanneyo5,0111111
871,Valerye,Shellard,vshellardo6,1111011
872,Svend,Corkan,scorkano7,1011111
873,Neddie,Bariball,nbariballo8,1011111
874,Sabine,Izaks,sizakso9,1111101
875,Butch,Ruggiero,bruggierooa,1111101
876,Wynny,Deyes,wdeyesob,1111110
877,Deirdre,Dockreay,ddockreayoc,1111011
878,Edgardo,Hagyard,ehagyardod,1110111
879,Marjory,Etuck,metuckoe,1111110
880,Gillan,Bedminster,gbedminsterof,0111111
881,Randy,Barnewell,rbarnewellog,1011111
882,Nealy,Flay,nflayoh,0111111
883,Corabel,Carnock,ccarnockoi,1101111
884,Faydra,Emmott,femmottoj,1111101
885,Mariana,McCurry,mmccurryok,1110111
886,Kasey,Maffione,kmaffioneol,1111110
887,Nadiya,Prestney,nprestneyom,1111011
888,Lauree,Kibblewhite,lkibblewhiteon,1101111
889,Verge,Clancey,vclanceyoo,1011111
890,Russ,Gehrtz,rgehrtzop,1011111
891,Terry,Rowet,trowetoq,1111101
892,Prisca,O'Lunney,polunneyor,0111111
893,Martita,Struttman,mstruttmanos,1110111
894,Karlan,Ludman,kludmanot,1011111
895,Riane,Edie,redieou,1111011
896,Domini,Alyoshin,dalyoshinov,1101111
897,Francklin,Hanselmann,fhanselmannow,1111101
898,Trudie,De Bruyn,tdebruynox,1111110
899,Lily,Claussen,lclaussenoy,1111011
900,Dagmar,Drage,ddrageoz,1111110
901,Galen,Zavattari,gzavattarip0,1111101
902,Johny,Koubek,jkoubekp1,1110111
903,Neale,Trenchard,ntrenchardp2,1011111
904,Theobald,Sale,tsalep3,1111110
905,Jacenta,Jarret,jjarretp4,1111011
906,Roxy,Titterell,rtitterellp5,1111011
907,Caryl,Henrych,chenrychp6,1111110
908,Jacquenetta,Karpe,jkarpep7,1011111
909,Henka,Hullin,hhullinp8,1111110
910,Torey,Nineham,tninehamp9,0111111
911,Lorry,Quarry,lquarrypa,1101111
912,Darbie,Ivimy,divimypb,0111111
913,Scotti,Heersema,sheersemapc,1110111
914,Fredericka,Rigeby,frigebypd,1111101
915,Ryley,Beining,rbeiningpe,1111110
916,Flori,Becom,fbecompf,1101111
917,Lukas,Doneld,ldoneldpg,1111011
918,Barny,Ulster,bulsterph,1101111
919,Danya,Ovett,dovettpi,1111101
920,Horatius,Capron,hcapronpj,0111111
921,Cybil,Asmus,casmuspk,0111111
922,Antoinette,Lefeuvre,alefeuvrepl,0111111
923,Ricky,Lyes,rlyespm,1101111
924,Berny,Janosevic,bjanosevicpn,1110111
925,Reggy,Moger,rmogerpo,1111101
926,Lorain,Alven,lalvenpp,1011111
927,Jarid,Stuckey,jstuckeypq,1111101
928,Agnese,Windless,awindlesspr,1110111
929,Obediah,Broschek,obroschekps,1111101
930,Brooke,Clynman,bclynmanpt,1111011
931,Pandora,Kettlesting,pkettlestingpu,1101111
932,Blane,Castle,bcastlepv,1011111
933,Aron,Portsmouth,aportsmouthpw,1111110
934,Lynnett,Letford,lletfordpx,1111110
935,Dulce,Enever,deneverpy,1111101
936,Hastings,Sichardt,hsichardtpz,1110111
937,Carroll,Kardos-Stowe,ckardosstoweq0,0111111
938,Antonietta,Duchant,aduchantq1,1111101
939,Danella,Espadate,despadateq2,1110111
940,Ricoriki,Gatrell,rgatrellq3,1101111
941,Christyna,Mullaly,cmullalyq4,1111011
942,Bettye,Fayre,bfayreq5,0111111
943,Anett,Crier,acrierq6,1011111
944,Tobye,Liggins,tligginsq7,1110111
945,Jesse,McGerraghty,jmcgerraghtyq8,1101111
946,Judith,O'Fielly,jofiellyq9,1111101
947,Anallese,Drugan,adruganqa,1011111
948,Philippe,Tellwright,ptellwrightqb,1011111
949,Ethelred,Tyrer,etyrerqc,1111110
950,Myrwyn,Surman,msurmanqd,1011111
951,Stephine,Goodfellow,sgoodfellowqe,0111111
952,Ive,Evemy,ievemyqf,1111011
953,Jerrie,Gallemore,jgallemoreqg,1110111
954,Zondra,Melross,zmelrossqh,1111011
955,Sharia,Kneel,skneelqi,1111110
956,Dud,Parlett,dparlettqj,1011111
957,Chadwick,Leaning,cleaningqk,1110111
958,Evangelin,Grahlmans,egrahlmansql,1111101
959,Noah,Packington,npackingtonqm,1011111
960,Colene,Grinyer,cgrinyerqn,1111101
961,Randie,Bassill,rbassillqo,1110111
962,Korrie,Wigley,kwigleyqp,1111101
963,Yoshiko,Hollibone,yholliboneqq,1111110
964,Fawn,McLardie,fmclardieqr,1111101
965,Felicity,Raye,frayeqs,1111110
966,Mei,Jacobovitz,mjacobovitzqt,1101111
967,Missie,Tiffin,mtiffinqu,1101111
968,Brew,Heeps,bheepsqv,1110111
969,Stanford,Gawke,sgawkeqw,1101111
970,Estelle,Buterton,ebutertonqx,1111110
971,Winn,Bucktharp,wbucktharpqy,1111110
972,Hali,Garces,hgarcesqz,1111110
973,Itch,Sidnall,isidnallr0,1011111
974,Glynis,Sandhill,gsandhillr1,0111111
975,Lazar,Aberdeen,laberdeenr2,0111111
976,Billy,Dollard,bdollardr3,0111111
977,Brandtr,Kinman,bkinmanr4,1110111
978,Nicola,Palk,npalkr5,1111101
979,Colman,Biaggi,cbiaggir6,1110111
980,Aldrich,Locks,alocksr7,1011111
981,Mildrid,Edinborough,medinboroughr8,1111110
982,Bili,Abbet,babbetr9,1111101
983,Federica,Billson,fbillsonra,1101111
984,Stafford,Lyver,slyverrb,1101111
985,Rosina,Simioni,rsimionirc,1011111
986,Sapphire,McCreath,smccreathrd,1101111
987,Guillaume,Cannaway,gcannawayre,1011111
988,Arabella,Oliffe,aolifferf,1111110
989,Tommie,Mylechreest,tmylechreestrg,1110111
990,Viviene,Downham,vdownhamrh,0111111
991,Robb,Crabb,rcrabbri,1111101
992,Elfrida,Metzke,emetzkerj,0111111
993,Daniele,Thaller,dthallerrk,1110111
994,Eimile,Keller,ekellerrl,1111011
995,Tatum,Emmison,temmisonrm,1111101
996,Aimee,Dispencer,adispencerrn,1101111
997,Yehudit,Tailby,ytailbyro,1110111
998,Lonna,Bounde,lbounderp,1111110
999,Lisbeth,Pinare,lpinarerq,0111111
1000,Madelon,Penn,mpennrr,1111011
